Guillaume Casanova  <casano_g@epita.fr>
Mathieu   Champely  <champe_m@epita.fr>
Edward	  Hervey    <hervey_e@epita.fr>
Raphael   Pralat    <pralat_r@epita.fr>   
Bloch     Stephan   <bloch_s@epita.fr>
Carbonier Julien    <carbon_s@epita.fr>
Dubart    Loic      <dubart_l@epita.fr>